재료명,빈도,출처,표준명후보,규칙,신뢰도,확정
2가지색 미니파프리카,3,식,,,,
가쓰오부시,3,식,,,,
가쓰오브시,3,농,,,,
가자미,3,식,,,,
간 양파,3,식,,,,
계피,3,식,,,,
고구마순,3,식,,,,
곤드레나물,3,식,,,,
골뱅이,3,농식,,,,
국물용멸치,3,농,,,,
굵은 고춧가루,3,식,고춧가루,접두:굵은,A,
굵은고춧가루,3,농,고춧가루,접두:굵은,A,
기름,3,농식,,,,
깐마늘,3,식,마늘,접두:깐,A,
냉면,3,농,,,,
넛맥,3,농식,,,,
녹말물,3,농식,,,,
다시마 육수,3,식,,,,
다시마물,3,식,,,,
다시마육수,3,식,,,,
다진 실파,3,식,실파,접두:다진,A,
다진 호두,3,식,호두,접두:다진,A,
다진돼지고기,3,농식,돼지고기,표기(공백·괄호),A,
닭다리,3,농식,,,,
도미,3,농식,,,,
도미살,3,식,,,,
도토리묵,3,농식,,,,
돌나물,3,식,,,,
동치미국물,3,농식,,,,
동태포,3,식,,,,
두부면,3,식,,,,
들깨,3,농식,,,,
떡,3,농식,,,,
또띠아,3,식,,,,
라임주스,3,식,,,,
라즈베리,3,식,,,,
레드어니언,3,식,,,,
레몬제스트,3,식,,,,
렌틸콩,3,식,,,,
로메인,3,식,,,,
로즈메리,3,식,,,,
마늘종,3,농식,,,,
막걸리,3,식,,,,
머스타드,3,농식,,,,
메밀가루,3,식,,,,
멜론,3,식,,,,
멥쌀가루,3,농식,,,,
멸치 육수,3,식,,,,
멸치육수,3,식,,,,
모차렐라치즈,3,식,,,,
무염 버터,3,식,무염버터,표기(공백·괄호),A,
미향,3,식,,,,
바질마른것,3,식,,,,
베이비채소,3,식,,,,
볶은현미,3,식,현미,접두:볶은,A,
부순 참깨,3,식,,,,
불린미역,3,농식,미역,접두:불린,A,
붉은 파프리카,3,농식,,,,
빨간 파프리카,3,식,파프리카,접두:빨간,B,
사골육수,3,식,,,,
사이다,3,농식,,,,
산마,3,식,,,,
새송이,3,식,,,,
생선살,3,농식,,,,
생표고버섯,3,식,표고버섯,접두:생,B,
서리태,3,식,,,,
소고기 양지,3,식,,,,
소라살,3,식,,,,
소시지,3,식,,,,
송송 썬 붉은 고추,3,식,,,,
쇠고기육수,3,농식,,,,
수박,3,식,,,,
슈가파우더,3,농식,,,,
슈레드 모차렐라치즈,3,식,,,,
시래기,3,농식,,,,
식용 꽃,3,식,식용꽃,표기(공백·괄호),A,
쌈다시마,3,농식,,,,
쌈두부,3,식,,,,
쑥가루,3,식,,,,
아귀,3,농식,,,,
아몬드 슬라이스,3,식,아몬드,표기(공백·괄호),A,
알마늘,3,식,,,,
양,3,농,,,,
양념장,3,농식,,,,
얼음,3,농식,,,,
연유,3,식,,,,
오레가노마른것,3,식,,,,
오이피클,3,농식,,,,
옥수수전분,3,식,,,,
요리술,3,농식,,,,
우거지,3,농,,,,
우리밀가루,3,식,,,,
자두,3,식,,,,
저염국간장,3,식,국간장,접두:저염,A,
저지방우유,3,식,,,,
전분가루,3,식,,,,
조개살,3,농식,조개,접미:살,A,
조갯살,3,농식,,,,
조랭이떡,3,식,,,,
주키니호박,3,식,,,,
주황파프리카,3,식,파프리카,접두:주황,B,
차돌박이,3,식,,,,
천도복숭아,3,식,,,,
청피망다진것,3,식,피망,접미:다진것,A,
청홍고추,3,식,,,,
치즈슬라이스,3,식,,,,
카놀라유,3,식,,,,
카스텔라,3,식,,,,
칵테일 새우,3,식,칵테일새우,표기(공백·괄호),A,
칼국수,3,농,,,,
케이퍼,3,농식,,,,
코코넛밀크,3,식,,,,
토란,3,농식,,,,
통생강,3,농식,,,,
표고버섯가루,3,식,,,,
플레인요구르트,3,농식,요거트,표기(공백·괄호),A,
한천,3,식,,,,
핫소스,3,농,,,,
해물육수,3,식,,,,
해바라기씨,3,식,,,,
해초,3,농식,,,,
해파리,3,농,,,,
홀그레인 머스터드,3,식,,,,
휘핑크림,3,식,,,,
흰 후추,3,식,후추,표기(공백·괄호),A,
흰 후춧가루,3,식,후추,표기(공백·괄호),A,
흰살생선,3,농식,,,,
2가지색 파프리카,2,식,,,,
가루녹차,2,식,,,,
가쓰오브시국물,2,농,,,,
가자미살,2,식,,,,
갈비,2,농,,,,
감식초,2,식,,,,
강력 밀가루,2,식,,,,
거피들깨가루,2,식,,,,
건멸치,2,식,,,,
건목이버섯,2,식,,,,
건블루베리,2,농식,,,,
건조미역줄기,2,식,,,,
건크랜베리,2,식,,,,
검은콩두유,2,식,,,,
겨자잎,2,농,,,,
겨잣가루,2,식,,,,
곱창,2,농,,,,
귤,2,식,,,,
김가루,2,식,,,,
김칫국물,2,농,,,,
깐대파,2,식,대파,접두:깐,A,
깐생강,2,식,생강,접두:깐,A,
깐연근,2,식,연근,접두:깐,A,
깻잎장아찌,2,식,,,,
꼬막,2,식,,,,
꼴뚜기,2,농,,,,
꽃상추,2,농,,,,
낙지다리,2,농식,,,,
냉동 새우살,2,식,새우,접두:냉동,B,
냉이,2,농식,,,,
노두유,2,식,,,,
노란파프리카,2,식,파프리카,표기(공백·괄호),A,
녹차,2,식,,,,
느타리,2,식,,,,
다시멸치,2,식,,,,
다진 당근,2,식,당근,접두:다진,A,
다진 쪽파,2,식,쪽파,접두:다진,A,
다진 토마토,2,식,토마토,접두:다진,A,
다진 파슬리,2,식,파슬리,접두:다진,A,
다진 파프리카,2,식,파프리카,접두:다진,A,
다진고추,2,농,고추,접두:다진,A,
다진쪽파,2,농식,쪽파,접두:다진,A,
다진풋고추,2,농,풋고추,접두:다진,A,
다크초콜릿,2,식,,,,
단감,2,식,,,,
단호박가루,2,식,,,,
닭 육수,2,농식,닭육수,표기(공백·괄호),A,
닭다릿살,2,식,,,,
닭살,2,농식,,,,
닭안심살,2,식,,,,
당귀잎,2,식,,,,
당근퓨레,2,식,,,,
대구,2,농식,,,,
대추고,2,식,,,,
도가니,2,농,,,,
동치미무,2,농,,,,
동태살,2,농식,,,,
돼지고기 등심,2,식,,,,
돼지고기(삼겹살),2,식,,,,
돼지고기다진것,2,식,돼지고기,접미:다진것,A,
돼지고기살코기,2,식,,,,
돼지등갈비,2,농식,,,,
등갈비,2,식,,,,
디존 머스타드,2,식,,,,
땅콩가루,2,농식,,,,
떡국떡,2,농,,,,
라면스프,2,식,,,,
레드와인식초,2,식,,,,
레몬껍질,2,식,,,,
레몬소금,2,식,,,,
레몬주수,2,식,,,,
루콜라,2,농식,,,,
르뱅 발효종,2,식,,,,
리코타 치즈,2,식,,,,
리코타치즈,2,식,,,,
마른 고추,2,식,고추,표기(공백·괄호),A,
마른 미역,2,식,,,,
만가닥버섯,2,식,,,,
말린 자두,2,식,,,,
말린 토마토,2,식,,,,
맛소금,2,농식,,,,
망고퓨레,2,식,,,,
매실장아찌,2,농식,,,,
맥주,2,식,,,,
멕시코고추,2,식,,,,
멸치다시물,2,농,,,,
멸칫국물,2,농,,,,
명란,2,농,,,,
명란젓,2,농식,,,,
무가당 두유,2,식,,,,
무가당 휘핑크림,2,식,,,,
무말랭이,2,농식,,,,
무명실,2,농,,,,
미니새송이버섯,2,농식,새송이버섯,접두:미니,A,
미역마른것,2,식,,,,
바질다진것,2,식,바질,접미:다진것,A,
박력 쌀가루,2,식,,,,
발효초,2,농,,,,
밤고구마,2,식,,,,
백일송이버섯,2,식,,,,
백후추,2,식,,,,
백후춧가루,2,식,,,,
버섯,2,농,,,,
병아리콩,2,식,,,,
보리새우,2,식,,,,
보리쌀,2,식,,,,
복분자,2,식,,,,
복숭아,2,식,,,,
볶은 현미,2,식,현미,접두:볶은,A,
북어채,2,식,,,,
불린 당면,2,식,당면,접두:불린,A,
불린 병아리콩,2,식,,,,
블루베리 발효원종,2,식,,,,
블루베리잼,2,식,,,,
비름나물,2,식,,,,
비타민,2,식,,,,
뽕잎가루,2,식,,,,
사과종,2,식,,,,
삶은 밤고구마,2,식,,,,
삶은 병아리콩,2,식,,,,
삶은달걀,2,식,삶은 달걀,표기(공백·괄호),A,
삼계탕 육수,2,식,,,,
새우가루,2,식,,,,
새우젓국,2,농식,,,,
샐러리다진것,2,식,샐러리,접미:다진것,A,
생 표고버섯,2,식,표고버섯,접두:생,B,
생굴,2,농,,,,
생김,2,식,,,,
생모짜렐라치즈,2,식,모짜렐라치즈,접두:생,B,
생밤,2,농식,,,,
생새우,2,농식,새우,접두:생,B,
생수,2,농식,,,,
생이스트,2,식,생이스트,수기,B,드라이이스트와 동시 등장 2건
생태,2,농,,,,
석류,2,식,,,,
세발나물,2,식,,,,
소라,2,식,,,,
소불고기,2,식,,,,
소스,2,농,,,,
송송 썬 청양고추,2,식,,,,
송이버섯,2,농,,,,
쇠고기 등심,2,식,소고기,표기(공백·괄호),A,
쇠고기 양지,2,식,,,,
쇠고기갈은것,2,식,,,,
숙주나물,2,농,,,,
순무,2,식,,,,
스리라차소스,2,식,,,,
스파게티면(건면),2,식,,,,
시금치가루,2,식,,,,
식혜,2,식,,,,
쌈무,2,식,,,,
아몬드우유,2,식,,,,
아삭이고추,2,식,,,,
안심,2,농식,,,,
액체육젓,2,농,,,,
앤다이브,2,농식,,,,
야채육수,2,식,,,,
양송이 버섯,2,식,양송이버섯,표기(공백·괄호),A,
양조식초,2,식,,,,
양지머리,2,농,,,,
양파가루,2,식,,,,
어린이치즈,2,식,,,,
얼갈이 배추,2,식,,,,
얼갈이배추,2,농식,,,,
연어알,2,농,,,,
엿기름,2,농식,,,,
영콘,2,식,,,,
오레가노가루,2,식,,,,
오이고추,2,식,,,,
오징어 몸통,2,식,,,,
오트밀,2,식,,,,
올리브,2,농식,,,,
요리당,2,식,,,,
우민찌,2,식,,,,
워터크레스,2,식,,,,
월계수 잎,2,농식,월계수잎,표기(공백·괄호),A,
율무,2,식,,,,
이태리파슬리,2,농,,,,
인스턴트 드라이 이스트,2,식,,,,
인스턴트 이스트,2,식,,,,
자숙새우,2,식,,,,
잔새우,2,농,새우,접두:잔,A,
잡곡,2,식,,,,
저염 된장,2,식,된장,표기(공백·괄호),A,
저염베이컨,2,식,베이컨,접두:저염,A,
전분물,2,식,,,,
절인 배추,2,농,,,,
젖은 찹쌀가루,2,식,,,,
제철과일,2,식,,,,
조선무,2,식,,,,
쥬키니호박,2,식,,,,
쫄면,2,농,,,,
참마,2,식,,,,
참빛고운포도씨유,2,농,,,,
채썬쇠고기,2,농,소고기,접두:채썬,A,
청파프리카,2,식,,,,
청포도,2,식,,,,
초고추장,2,농,,,,
초생강,2,농,,,,
치킨육수,2,식,,,,
칼국수면,2,농식,,,,
캔옥수수,2,식,,,,
커민,2,식,,,,
케찹,2,식,,,,
코코넛 오일,2,식,,,,
코코넛오일,2,식,,,,
코코넛우유,2,식,,,,
콩고기,2,식,,,,
퀴노아,2,식,,,,
크래미,2,식,,,,
크렌베리,2,식,,,,
크림소스,2,식,,,,
타가토스,2,식,,,,
타바스코,2,농식,,,,
타임다진것,2,식,타임,접미:다진것,A,
타임마른것,2,식,,,,
토마토 페이스트,2,식,토마토페이스트,표기(공백·괄호),A,
토마토케찹,2,농,,,,
토마토페스트,2,농식,,,,
토마토홀,2,식,,,,
통도라지,2,농식,,,,
통조림 햄,2,식,,,,
트레비소,2,농,,,,
파래김,2,식,,,,
파르메산 치즈,2,식,,,,
파르메산 치즈가루,2,식,,,,
파마산치즈가루,2,농식,,,,
파인애플주스,2,식,,,,
파인애플통조림,2,식,,,,
팔각,2,농식,,,,
패주,2,식,,,,
펜네,2,식,,,,
포도주,2,식,,,,
푸실리,2,식,,,,
풋마늘,2,농식,,,,
프랑크소시지,2,농,,,,
피쉬소스,2,농식,,,,
피스타치오,2,식,,,,
피자치즈,2,농식,,,,
할라피뇨,2,식,,,,
할라피뇨 피클,2,식,,,,
햇살담은간장,2,농,,,,
허니머스타드,2,농,,,,
허브소금,2,식,,,,
현미쌀,2,식,,,,
현미찹쌀,2,식,,,,
호박가루,2,식,,,,
홍고추다진것,2,식,홍고추,접미:다진것,A,
홍피망다진것,2,식,피망,접미:다진것,A,
황금팽이버섯,2,식,,,,
황태머리,2,식,,,,
황태채,2,식,,,,
황태포,2,식,,,,
흰떡,2,농,,,,
흰콩,2,농,,,,
"""배추",1,식,,,,
2배 양조식초,1,식,,,,
"3가지색 소면(분홍, 초록, 흰색)",1,식,,,,
3배 식초,1,식,,,,
L.A갈비,1,식,,,,
ghen,1,식,,,,
l고추장,1,식,,,,
가는파,1,농,,,,
가다랑어장국,1,식,,,,
가다랑이포,1,농,,,,
가람마살라,1,식,,,,
가리비,1,농,,,,
가시오가피,1,식,,,,
가재새우,1,농,,,,
가쯔오부시,1,식,,,,
가쯔오브시,1,농,,,,
가츠오부시,1,식,,,,
각얼음,1,식,,,,
각종 새싹,1,식,,,,
간 마늘,1,식,,,,
간 파르메산치즈,1,식,,,,
간 홍고추,1,식,,,,
간마늘,1,농,,,,
간생강,1,농,,,,
간수,1,농,,,,
간편어간장,1,식,간장,표기(공백·괄호),A,
갈은 돼지고기,1,식,,,,
갈은 소고기,1,식,,,,
감귤,1,식,,,,
감동젓,1,농,,,,
감말랭이,1,식,,,,
감자녹말가루,1,식,,,,
감자튀김,1,식,,,,
감태,1,식,,,,
감태가루,1,식,,,,
강력 쌀가루,1,식,,,,
강력밀가루,1,식,,,,
강황,1,식,,,,
강황쌀,1,식,,,,
거피녹두,1,식,,,,
거피한 들깨가루,1,식,,,,
건 로즈마리,1,식,,,,
건 표고버섯,1,식,건표고버섯,표기(공백·괄호),A,
건곤드레,1,식,,,,
건곤드레나물,1,식,,,,
건당면,1,식,,,,
건대추,1,식,,,,
건도토리묵,1,식,,,,
건두부,1,식,,,,
건로즈마리,1,식,,,,
건로즈메리,1,식,,,,
건무화과,1,식,,,,
건바질,1,식,,,,
건새우가루,1,농,,,,
건오징어,1,식,,,,
건조 자른미역,1,식,,,,
건조다시마 사방 10cm,1,식,,,,
건조미역,1,식,,,,
건조체리,1,식,,,,
건조토마토,1,식,,,,
건청양고추,1,식,,,,
건취나물,1,식,,,,
건타임,1,식,,,,
건표고버섯 불릴 물,1,식,,,,
건함초,1,식,,,,
건홍고추,1,식,,,,
검은 깨,1,식,흑임자,표기(공백·괄호),A,
검은껍질홍합,1,농,,,,
검은콩 두유,1,식,,,,
검은콩가루,1,식,검은콩가루,수기,B,검은콩 크림빵에 불린 검은콩과 함께. 대두 콩가루와 구분
검은콩두부,1,식,,,,
검은콩튀밥,1,식,,,,
검정깨(볶은 것),1,식,,,,
검정깨묵,1,식,,,,
검정콩,1,식,,,,
검정콩(서리태),1,식,,,,
겉절이 양념,1,식,,,,
게,1,농,,,,
게살(크래미),1,식,,,,
게살냉동,1,식,,,,
게피,1,식,,,,
겨자분말,1,식,,,,
계란후라이,1,농,,,,
고구마 다이스,1,식,,,,
고구마잎,1,농,,,,
고구마줄기,1,농,,,,
고구마칩,1,식,,,,
고기 삶는 재료 양파,1,식,,,,
고기산적,1,농,,,,
고들빼기,1,농,,,,
고사리나물,1,농,,,,
고수,1,식,,,,
고수잎,1,농,,,,
고운 고추가루,1,식,,,,
고운 소금,1,식,소금,접두:고운,A,
고운소금,1,농,소금,접두:고운,A,
고추가루,1,식,,,,
고추냉이 갠것,1,식,,,,
고추자,1,식,,,,
고추피클,1,식,,,,
고춧기름,1,농,,,,
곤약국수,1,식,,,,
곤약면,1,식,,,,
곤약미,1,식,,,,
골뱅이 국물,1,식,,,,
골뱅이통조림,1,농,,,,
골파,1,식,,,,
곰피,1,식,,,,
과메기,1,식,,,,
과일,1,식,,,,
과일통조림,1,농,,,,
구기자,1,식,,,,
구운 김,1,식,,,,
구운 땅콩,1,식,,,,
구운 호두,1,식,,,,
구운김,1,농,,,,
국물용 다시마,1,농,,,,
국물용 멸치,1,식,,,,
굴 소스,1,식,굴소스,표기(공백·괄호),A,
굴림만두 새송이버섯,1,식,,,,
굵게 다진 사과,1,식,사과,접두:굵게다진,A,
굵은 면발 라면,1,식,,,,
굵은 소금,1,식,소금,표기(공백·괄호),A,
굵은파,1,농,,,,
귤 즙,1,식,,,,
귤병,1,식,,,,
귤통조림,1,식,,,,
그라나 빠다노,1,농,,,,
그라나파다노 치즈,1,식,,,,
그라나파다노치즈,1,식,,,,
그라놀라,1,식,,,,
그린 샐러드,1,식,,,,
그린비타민,1,식,,,,
그린빈,1,식,,,,
그린빈스,1,식,,,,
그린올리브,1,농,,,,
그린치커리,1,식,,,,
근대잎,1,농,,,,
금태,1,식,,,,
김밥용 김,1,식,,,,
김밥용김,1,농,,,,
김장김치,1,식,,,,
김치잎,1,농,,,,
김치주머니 소 새우,1,식,,,,
김칫잎,1,농,,,,
까망베르치즈,1,식,,,,
깍두기,1,식,,,,
깐들깨가루,1,식,들깻가루,접두:깐,A,
깐호두,1,식,호두,접두:깐,A,
깨소스,1,농,,,,
깻잎순,1,식,,,,
껍질콩,1,농,,,,
꼬치용 꼬치,1,식,,,,
꽁치살,1,식,꽁치,접미:살,A,
꽁치통조림,1,농,,,,
꽃빵,1,농,,,,
꽃소금,1,농,,,,
나무막대기,1,식,,,,
낙지 다리,1,식,,,,
납작 썬 마늘,1,식,,,,
낫토,1,식,,,,
냉동 곤약,1,식,곤약,접두:냉동,B,
냉동 아보카도,1,식,아보카도,접두:냉동,B,
냉동고등어,1,식,고등어,접두:냉동,B,
냉동딸기,1,식,딸기,접두:냉동,B,
냉동만두,1,농,,,,
냉동홍시,1,식,홍시,접두:냉동,B,
넉맥,1,식,,,,
넛맥가루,1,식,,,,
네모난햄,1,농,,,,
노각,1,농,,,,
노란색 파프리카,1,식,,,,
노란색파프리카,1,식,,,,
노란콩,1,식,,,,
노루궁뎅이버섯,1,식,,,,
노른자,1,식,,,,
녹인 무염 버터,1,식,,,,
녹차 우린 물,1,식,,,,
녹차국수,1,농,,,,
녹차분말,1,농,,,,
녹차소금,1,식,,,,
논우렁,1,식,,,,
누들 떡볶이 떡,1,식,,,,
누룩소금,1,식,,,,
누룽지가루,1,식,,,,
느타리벗서,1,식,,,,
다슬기살,1,식,,,,
다시마 국물,1,식,다시마,표기(공백·괄호),A,
다시마 사방,1,식,,,,
다시마 우린 물,1,농,,,,
다시마가루,1,식,,,,
다시팩,1,식,,,,
다진 건새우,1,식,건새우,접두:다진,A,
다진 견과류,1,식,견과류,접두:다진,A,
다진 돼기고기,1,식,,,,
다진 돼지고기(기름기 없는 부위),1,식,,,,
다진 레몬껍질,1,식,,,,
다진 레몬청 과육,1,식,,,,
다진 붉은 고추,1,식,홍고추,접두:다진,A,
다진 쇠고기 등심,1,식,소고기,접두:다진,A,
다진 애호박,1,식,애호박,접두:다진,A,
다진 오이피클,1,식,,,,
다진 잣,1,식,,,,
다진 청고추,1,식,청고추,표기(공백·괄호),A,
다진 청피망,1,식,피망,접두:다진,A,
다진 파프리카(노랑),1,식,,,,
다진 풋고추,1,식,풋고추,접두:다진,A,
다진 홍피망,1,식,피망,접두:다진,A,
다진당근,1,식,당근,접두:다진,A,
다진실파,1,농,실파,접두:다진,A,
다진애호박,1,식,애호박,접두:다진,A,
다진파슬리,1,농,파슬리,접두:다진,A,
다짐육,1,농,,,,
다짐육(돼지고기),1,농,,,,
다짐육(소고기),1,농,,,,
단단한 두부,1,식,,,,
단배추,1,식,,,,
단촛물 설탕,1,식,,,,
단호박작은것,1,식,,,,
달걀 삶은것,1,식,,,,
닭 가슴살,1,식,닭고기,표기(공백·괄호),A,
닭 정육,1,식,,,,
닭고기 삶는 재료 된장,1,식,,,,
닭고기(가슴살),1,식,,,,
닭고기(다리살),1,식,,,,
닭고기가슴살,1,식,,,,
닭날개,1,식,,,,
닭발,1,농,,,,
닭뼈육수,1,식,,,,
닭안심,1,농,,,,
당귀,1,식,,,,
당근 1cm 정사각형,1,식,,,,
당근 채친것,1,식,,,,
당근갈은것,1,식,,,,
당근잎,1,농,,,,
당근주스,1,식,,,,
당근즙,1,농,,,,
당근채,1,농,,,,
당근채썬것,1,식,당근,접미:채썬것,A,
당면불린것,1,식,,,,
대구살(냉동),1,식,,,,
대두,1,식,,,,
대왕오징어채,1,식,,,,
대추슬라이스,1,식,,,,
대추채,1,식,,,,
대파 다진것,1,식,대파,접미:다진것,A,
대파뿌리,1,식,,,,
대파채친것,1,식,,,,
대패삼겹살,1,식,,,,
덧밀가루,1,식,,,,
데리야키소스,1,식,,,,
데미글라스,1,식,,,,
데쳐서 다진 취나물,1,식,,,,
데친 미나리,1,식,,,,
데친 취나물,1,식,,,,
도라지나물,1,농,,,,
도토리가루,1,식,,,,
돈가스소스,1,식,,,,
돈까스소스,1,농,,,,
돈나물,1,식,,,,
돈등심,1,식,,,,
돈민찌,1,식,,,,
돈육(분쇄육),1,식,,,,
동치미,1,식,,,,
동태,1,농,,,,
돛나물,1,농,,,,
돼지 볼살,1,농,,,,
돼지갈비(바비큐용),1,식,,,,
돼지감자가루,1,식,,,,
돼지고기 목심,1,식,,,,
돼지고기 삼겹살,1,식,,,,
돼지고기(불고기용),1,식,,,,
돼지고기(전지),1,식,,,,
돼지고기갈은것,1,식,,,,
돼지고기목살,1,식,,,,
돼지고기사태,1,식,,,,
돼지고기안심,1,농,,,,
돼지머리,1,식,,,,
돼지목살,1,식,,,,
돼지목살다진것,1,식,,,,
돼지호박갈은것,1,식,,,,
두 가지 색 파프리카,1,식,파프리카,접두:두가지색,B,
"두가지 묵(올방개묵, 검정깨묵)",1,식,,,,
두부1.2cm,1,식,,,,
두부강된장 참기름,1,식,,,,
두부작은것,1,식,,,,
두절콩나물,1,식,,,,
둥근호박,1,농,,,,
뒤포리(밴댕이),1,식,,,,
드라이 이스트,1,식,드라이이스트,표기(공백·괄호),A,
드라이 이스트(골드),1,식,,,,
드라이이스트(레드),1,식,,,,
드라이토마토,1,식,,,,
들깻잎,1,농,,,,
등심얇게썬것,1,식,,,,
디종머스터드,1,식,,,,
디포리,1,식,,,,
딜,1,식,,,,
따뜻한 우유,1,식,,,,
따뜻한물,1,식,,,,
딸기쨈,1,식,,,,
땅콩 분태,1,식,,,,
땅콩기름,1,식,,,,
땅콩다진것,1,식,땅콩,접미:다진것,A,
땅콩잼,1,식,,,,
땅콩호박,1,식,,,,
떡국 떡,1,식,,,,
떡볶이 떡,1,식,떡볶이떡,표기(공백·괄호),A,
떡볶이양념파우더,1,식,,,,
또띠아8인치,1,식,,,,
라디치오,1,식,,,,
라이스페퍼,1,식,,,,
라임청,1,식,,,,
락교,1,식,,,,
래디시,1,식,,,,
랩,1,농,,,,
레드치커리,1,식,,,,
레드크러쉬드 페퍼,1,식,,,,
레몬 제스트,1,식,,,,
레몬(껍질),1,식,,,,
레몬그라스,1,식,,,,
레몬드레싱,1,농,,,,
레몬쥬스,1,식,,,,
레몬즙(또는 식초),1,식,,,,
레시틴가루,1,식,,,,
로메인상추,1,식,,,,
로즈마리다진것,1,식,로즈마리,접미:다진것,A,
로즈마리마다진것,1,식,,,,
로즈마리마른것,1,식,,,,
루꼴라,1,식,,,,
르네디종 홀그레인머스터,1,식,,,,
리치캔,1,식,,,,
마늘 다진것,1,식,마늘,표기(공백·괄호),A,
마늘즙,1,식,,,,
마늘쫑,1,식,,,,
마늘칩,1,식,,,,
마늘튀김,1,식,,,,
마른 다시마,1,식,,,,
마른 새우,1,식,,,,
마른 홍고추,1,식,,,,
마른미역,1,식,,,,
마른미역줄기,1,식,,,,
마른새우,1,농,,,,
마른오징어,1,농,,,,
마스카르포네치즈,1,식,,,,
마스카포네치즈,1,식,,,,
마요네스,1,농,,,,
마카다미아,1,식,,,,
만송이버섯,1,식,,,,
말린 매생이,1,식,,,,
말린 방울토마토,1,식,,,,
말린 청양고추,1,식,,,,
말린 표고버섯,1,농,건표고버섯,표기(공백·괄호),A,
말린 홍고추,1,식,,,,
말린새우,1,농,,,,
말린오미자,1,식,,,,
맛국물,1,농,,,,
맛살조개,1,농,,,,
맛조개,1,농,,,,
매실농축액,1,식,,,,
매실식초,1,식,,,,
매실엑기스,1,식,,,,
매실원액,1,식,,,,
매운 고춧가루,1,식,,,,
매운고춧가루,1,식,,,,
머드터드,1,농,,,,
머스터드 씨드,1,식,,,,
머스터드 파우더,1,식,,,,
머스터드소스,1,식,,,,
머스터드조스,1,식,,,,
머위대,1,식,,,,
머윗대,1,식,,,,
먹물,1,식,,,,
먹물 가루,1,식,,,,
먹물파스타,1,식,,,,
멍게살,1,식,,,,
메기,1,농,,,,
메닐튀밥,1,식,,,,
메밀국수,1,농,,,,
메밀묵,1,식,,,,
메이플시럽,1,식,,,,
메주,1,농,,,,
메주가루,1,식,,,,
멸치간장,1,식,,,,
멸치다시마국물,1,식,,,,
멸치다시마육수,1,식,,,,
멸치중간것,1,식,,,,
명이김치,1,식,,,,
명태,1,식,,,,
명태포,1,식,,,,
모닝빵,1,농,,,,
모듬채소,1,농,,,,
모차렐라 치즈,1,식,,,,
무가당 아보카도 마요네즈,1,식,,,,
무가당 코코아 파우더,1,식,,,,
무가당 플레인 요거트,1,식,,,,
무염 치즈,1,식,,,,
무우,1,식,,,,
무장아찌,1,식,,,,
무즙,1,농,,,,
무지개고추,1,농,,,,
무채,1,농,,,,
무첨가두유,1,식,,,,
무청,1,식,,,,
무청시래기,1,식,,,,
무청시래기 불린 것,1,식,,,,
무화과,1,식,,,,
묵말랭이,1,식,,,,
물(반죽용),1,식,,,,
물(쇠고기육수),1,농,,,,
물(양념장용),1,식,,,,
물김치국물,1,식,,,,
물미지근한것,1,식,,,,
물밤다진것,1,식,,,,
물오징어,1,식,,,,
물파래,1,식,,,,
미나리볶음고추장 무,1,식,,,,
미니단호박,1,식,단호박,표기(공백·괄호),A,
미니버섯,1,식,,,,
미니사과,1,식,사과,접두:미니,A,
미니새송이,1,식,,,,
미니양배추,1,식,양배추,접두:미니,A,
미소,1,농,,,,
미역 줄기,1,식,,,,
미원,1,농,,,,
민들레,1,식,,,,
민들레 잎,1,식,,,,
민어,1,식,,,,
민트잎,1,식,,,,
밀가루박력분,1,식,,,,
밀가루중력분,1,식,,,,
밀국수,1,농,,,,
바나나식초,1,식,,,,
바닐라 에센스,1,식,,,,
바닐라빈,1,식,,,,
바닐라에센스,1,식,,,,
바닐라향,1,식,,,,
바베큐소스,1,농,,,,
바질 잎,1,식,바질,표기(공백·괄호),A,
바질 페스토,1,식,,,,
바질럽드,1,식,,,,
바질페스토,1,식,,,,
바케트,1,식,,,,
바케트빵,1,식,,,,
박고지,1,농,,,,
발 사믹식초,1,식,발사믹식초,표기(공백·괄호),A,
발사믹 식초,1,식,발사믹식초,표기(공백·괄호),A,
발사믹크레마,1,식,,,,
발사믹크림,1,식,,,,
발효겨자,1,식,,,,
방아잎,1,식,,,,
배주머니,1,농,,,,
배추김치(줄기부분),1,식,,,,
백년초,1,식,,,,
백년초 가루,1,식,백년초가루,표기(공백·괄호),A,
백년초국수,1,식,,,,
백련초가루,1,식,,,,
백만송이버섯,1,식,,,,
백목이버섯,1,식,,,,
백새우,1,식,,,,
백앙금,1,식,,,,
백오이,1,농,,,,
백합,1,식,,,,
버거빵,1,식,,,,
버섯가루,1,식,,,,
베이킹 파우더,1,식,베이킹파우더,표기(공백·괄호),A,
베이킹소다,1,식,,,,
베트남 건고추,1,식,,,,
병아리콩 삶은 물,1,식,,,,
병어,1,식,,,,
보라로즈케일,1,식,,,,
보리된장,1,식,,,,
보리된장 보리,1,식,,,,
보릿가루,1,식,,,,
볶은 아몬드 슬라이스,1,식,아몬드,접두:볶은,A,
볶은 콩가루,1,식,콩가루,접두:볶은,A,
볶은 호두,1,식,호두,접두:볶은,A,
볶은 흑임자,1,식,흑임자,접두:볶은,A,
볶은 흑임자(검은깨),1,농,,,,
볶은수수,1,식,수수,접두:볶은,A,
볶은율무,1,식,,,,
볶은통깨,1,식,통깨,접두:볶은,A,
볶음 소스,1,식,,,,
볶음 참깨,1,식,,,,
볶음밥 쌀,1,식,,,,
부챗살,1,식,,,,
부추 또는 실파,1,식,,,,
부침두부,1,식,,,,
부침유,1,농,,,,
분유,1,식,,,,
불린 검은콩,1,식,검은콩,접두:불린,A,
불린 곤드레나물,1,식,,,,
불린 곤약쌀,1,식,,,,
불린 라이스페이퍼,1,식,라이스페이퍼,접두:불린,A,
불린 무말랭이,1,식,,,,
불린 미역,1,식,미역,접두:불린,A,
불린 미역(혹은 물미역),1,식,,,,
불린 찹쌀,1,식,찹쌀,접두:불린,A,
불린 표고버섯,1,식,표고버섯,접두:불린,A,
불린 함초,1,식,함초,접두:불린,A,
불린 현미,1,식,현미,접두:불린,A,
불린밥,1,식,,,,
붉은갓,1,농,,,,
붉은고추,1,식,홍고추,표기(공백·괄호),A,
붉은피망,1,식,,,,
브러컬리,1,식,,,,
브로컬리다진것,1,식,브로콜리,접미:다진것,A,
블랙올리브 파우더,1,식,,,,
블랙초콜릿,1,식,,,,
블랙타이거새우,1,식,,,,
비엔나소시지,1,농,,,,
비트가루,1,식,,,,
빠금장,1,식,,,,
빨간파프리카,1,식,파프리카,접두:빨간,B,
뽕잎국수,1,식,,,,
사각 라이스페이퍼,1,식,,,,
사과작은것,1,식,,,,
사과쥬스,1,식,,,,
사라다나,1,농,,,,
사우어크라우트,1,농,,,,
삭힌고추,1,농,,,,
산딸기,1,식,,,,
산초가루,1,농,,,,
살사소스,1,식,,,,
삶은 감자,1,식,,,,
삶은 검은콩,1,식,,,,
삶은 달걀 노른자,1,식,,,,
삶은 닭가슴살,1,식,,,,
삶은 메추리알,1,식,,,,
삶은 문어살,1,농,,,,
삶은 스파게티,1,식,,,,
삶은 쌀소면,1,식,,,,
삶은 완두콩,1,식,,,,
삶은 자색고구마,1,식,,,,
삶은 죽순,1,식,,,,
삶은계란,1,농,,,,
삶은팥,1,농,,,,
삼계탕 티백,1,식,,,,
삼계탕용 닭,1,식,,,,
삼색분말,1,식,,,,
상추/로메인,1,식,,,,
상추잎,1,농,,,,
새뱅이,1,식,,,,
새송이 버섯,1,식,새송이버섯,표기(공백·괄호),A,
새송이벗서,1,식,,,,
새알심 찹쌀가루,1,식,,,,
새우 살,1,식,새우,표기(공백·괄호),A,
새우(대하),1,식,,,,
새우다진것,1,식,새우,접미:다진것,A,
새우살다진것,1,식,새우,접미:다진것,A,
새우젓국물,1,식,,,,
샐러드오일,1,농,,,,
샐러드채소,1,농,,,,
샐러리 1cm 정사각형,1,식,,,,
샐러리 채친것,1,식,,,,
샐러리잎,1,식,,,,
생대구,1,농,,,,
생들기름,1,식,들기름,접두:생,B,
생면,1,식,,,,
생선육수,1,식,,,,
생청국장,1,식,청국장,접두:생,B,
생치즈,1,식,모짜렐라치즈,수기,B,포카치아·토마토·루꼴라 조합 — 생모짜렐라. 치즈→체다치즈 규칙의 오전파 수정
서리태콩,1,농,,,,
석류 원액,1,식,,,,
석류주스,1,식,,,,
석류즙,1,식,,,,
석박지,1,식,,,,
선지,1,농,,,,
설탕시럽,1,식,,,,
셀러리 줄기,1,식,,,,
셀러리다진것,1,식,샐러리,접미:다진것,A,
소 다진 쇠고기,1,식,,,,
소 잡뼈,1,농,,,,
소 채끝살,1,식,,,,
소고기 다짐육,1,식,,,,
소고기 우둔살,1,식,,,,
소고기(다짐육),1,식,,,,
소고기(양지),1,식,,,,
소고기(정강이살),1,식,,,,
소고기(치맛살),1,식,,,,
소고기등심,1,식,,,,
소고기우둔살,1,식,,,,
소금(데치는용),1,식,,,,
소금(쓴맛 제거용),1,식,,,,
소급,1,농,,,,
소꼬리,1,농,,,,
소등심,1,식,,,,
소스1 발사믹식초,1,식,,,,
소스2 마요네즈,1,식,,,,
소스3 유자청,1,식,,,,
손질된 고등어,1,식,,,,
손질된 흰살생선,1,식,,,,
솔잎,1,농,,,,
송어,1,농,,,,
쇠고기 육수,1,농,,,,
쇠고기(안심 또는 등심),1,농,,,,
쇠고기(우둔),1,식,,,,
쇠고기(힘줄없는부위),1,농,,,,
쇠고기구이용,1,식,,,,
쇠고기사태,1,식,,,,
쇠고기살코기,1,식,,,,
쇠고기샄코기,1,식,,,,
쇠고기스톡,1,농,,,,
쇠고기안심,1,식,,,,
쇠꼬리,1,농,,,,
쇠뼈,1,농,,,,
수란,1,식,,,,
수박 속껍질,1,식,,,,
수박껍질,1,식,,,,
수제조미료,1,식,,,,
순대,1,농,,,,
순창콩된장,1,농,,,,
숯,1,농,,,,
슈레드 치즈(모짜렐라치즈),1,농,,,,
스리라차,1,식,,,,
스리라차 소스,1,식,,,,
스위트마조람,1,농,,,,
스위트칠리,1,식,,,,
스위트콘,1,농,,,,
스테이크 시즈닝,1,식,,,,
스테이크재료 두부,1,식,,,,
스트링치즈,1,식,,,,
스팸(마일드),1,식,,,,
슬라이스 체더치즈,1,식,,,,
슬라이스 치즈,1,식,체다치즈,표기(공백·괄호),A,
슬라이스 햄,1,식,햄,표기(공백·괄호),A,
슬라이스아몬드,1,식,아몬드,접두:슬라이스,A,
슬라이스연어,1,식,연어,접두:슬라이스,A,
시금치(포항초),1,식,,,,
시금치나물,1,농,,,,
시금치우유 소스,1,식,,,,
시금치즙,1,농,,,,
시래기불린것,1,식,,,,
시럽,1,농,,,,
시레기,1,식,,,,
시판 누룽지,1,식,,,,
시판 크루통,1,식,,,,
시판용장국,1,농,,,,
식물성 생크림,1,식,,,,
신선초,1,식,,,,
실치,1,식,,,,
실파다진것,1,식,실파,접미:다진것,A,
실파송송썬것,1,식,,,,
싸리버섯,1,농,,,,
쌀겨,1,식,,,,
쌀국수가는것,1,식,,,,
쌀떡,1,식,,,,
쌀튀밥,1,식,,,,
쌀파스타면,1,식,,,,
쌈채,1,식,,,,
쌈추,1,식,,,,
쑥 파우더,1,식,,,,
씨겨자,1,식,,,,
아가베 시럽,1,식,,,,
아구,1,농,,,,
아기된장소스,1,농,,,,
아몬드 분말,1,식,,,,
아몬드 플레이크,1,식,,,,
아보카도유,1,식,,,,
아보카도작은것,1,식,,,,
아이스크림,1,식,,,,
알감자,1,식,,,,
알룰로스 가루,1,식,,,,
알비트,1,식,,,,
알토란,1,식,,,,
알파벳파스타,1,식,,,,
앞다리살 돈육(보쌈용),1,식,,,,
애플민트잎,1,식,,,,
앤쵸비,1,식,,,,
야채국물,1,식,,,,
얇게 썬 생강,1,식,,,,
얇게 썬 쇠고기,1,식,,,,
양겨자,1,농,,,,
양고기,1,식,,,,
양념,1,농,,,,
양념간장,1,농,,,,
양념족발,1,식,,,,
양배추잎,1,농,,,,
양송이버섯 밑동,1,식,,,,
양장피 면,1,식,,,,
양지육,1,식,,,,
양파 1cm 정사각형,1,식,,,,
양파 껍질,1,식,,,,
양파작게자른것,1,식,,,,
양파채썬것,1,식,양파,접미:채썬것,A,
양파채친것,1,식,,,,
어린싹,1,식,,,,
어린채소,1,식,,,,
어슷 썬 대파,1,식,,,,
어슷 썬 풋고추,1,식,,,,
얼린 홍시,1,식,,,,
얼린포도알,1,식,,,,
얼음물,1,농,,,,
에멘탈 치즈,1,식,,,,
에멘탈 치즈가루,1,농,,,,
에벤탈치즈,1,식,,,,
연두부큰것,1,식,,,,
연어 필레,1,식,,,,
연어살,1,농,연어,접미:살,A,
오가피,1,식,,,,
오곡,1,식,,,,
오곡곡물,1,농,,,,
오곡밥,1,식,,,,
오레가노 다진것,1,식,오레가노,접미:다진것,A,
오레가노다진것,1,식,오레가노,접미:다진것,A,
오렌지 주스,1,식,오렌지주스,표기(공백·괄호),A,
오렌지(껍질),1,식,,,,
오렌지마멀레이드,1,농,,,,
오렌지마요네즈,1,농,,,,
오렌지즙,1,식,,,,
오릴브오일,1,식,,,,
오미자 액기스,1,식,,,,
오미자물,1,식,,,,
오미자액,1,식,,,,
오미자엑기스,1,식,,,,
오미자청,1,식,,,,
오보로,1,농,,,,
오징어채,1,농,,,,
옥수수가루,1,식,,,,
옥수수가루플렌타가루,1,식,,,,
옥수수알,1,식,,,,
옥수수콘,1,식,,,,
올ㄹ브오일,1,식,,,,
올리 브유,1,식,올리브유,표기(공백·괄호),A,
올리브유엑스트라버전,1,식,,,,
와사미,1,식,,,,
와사비소스,1,농,,,,
완두콩알,1,식,,,,
완두콩통조림,1,농,,,,
완숙 토마토,1,식,,,,
완자 다진 돼지고기,1,식,,,,
왜된장,1,농,,,,
요플레,1,식,,,,
우동,1,식,,,,
우렁,1,식,,,,
우렁이,1,식,,,,
우목심,1,식,,,,
우무,1,농,,,,
우무묵,1,식,,,,
우묵,1,농,,,,
우삼겹,1,식,,,,
우육(분쇄육),1,식,,,,
울금가루,1,식,,,,
월계수잎마른것,1,식,,,,
유 자청,1,식,유자청,표기(공백·괄호),A,
유기농 밀가루,1,식,밀가루,접두:유기농,A,
유기농 아기치즈,1,식,,,,
유자,1,식,,,,
유자앙금,1,식,,,,
유자필,1,식,,,,
육수용 대파,1,농,,,,
육수용 무,1,농,,,,
육수용 물,1,농,,,,
육수용멸치,1,농,,,,
육회,1,농,,,,
으깬두부,1,식,두부,표기(공백·괄호),A,
은박컵,1,농,,,,
이태리고추,1,농,,,,
이태리시즈닝,1,식,,,,
익힌 전복내장,1,식,,,,
인절미,1,농,,,,
일본 된장,1,식,일본된장,표기(공백·괄호),A,
일식된장,1,식,,,,
일식된장 미소,1,식,,,,
잉어,1,농,,,,
잎녹차,1,식,,,,
자몽주수,1,식,,,,
잔새우살다진것,1,식,,,,
잘게 다진 새우젓,1,식,,,,
잡곡밥,1,식,,,,
잡곡밥흑미 검은콩,1,식,,,,
잣 바질페이소스,1,식,,,,
장식용어묵,1,농,,,,
장어대리,1,농,,,,
장어뼈,1,농,,,,
장조림,1,농,,,,
재첩,1,농,,,,
저나트륨 베이킹 파우더,1,식,,,,
저나트륨소금,1,식,,,,
저민마늘,1,농,마늘,접두:저민,A,
저염살라미,1,식,,,,
저염재래된장 콩,1,식,,,,
저염진간장,1,식,진간장,접두:저염,A,
적겨자,1,식,적겨자,수기,B,겨자잎(채소) — 조미료 겨자와 다름. 산채쌀파스타에서 신선초·참나물과 함께
적근대,1,식,근대,접두:적,B,
적양배추잎,1,농,,,,
적포도주,1,식,,,,
전립분,1,식,,,,
전복살,1,식,전복,접미:살,A,
전어,1,농,,,,
전어젓갈,1,농,,,,
절임 올리브,1,식,,,,
절임무,1,농,,,,
절임물,1,식,,,,
절편,1,식,,,,
젓국,1,농,,,,
제빵개량제,1,식,,,,
조랭이 떡,1,식,,,,
조림간장,1,농,,,,
조미료,1,농,,,,
조선부추,1,식,,,,
족발,1,식,,,,
좁쌀,1,식,,,,
주먹밥 데친 꼬막살,1,식,,,,
주황 파프리카,1,식,파프리카,접두:주황,B,
죽순통조림,1,식,,,,
줄기토마토,1,식,,,,
중국부추,1,농,,,,
중새우,1,농,,,,
중새우살,1,농,,,,
증편,1,식,,,,
진달래꽃,1,식,,,,
진미채,1,식,,,,
쪽갈비,1,식,,,,
쫄면 사리,1,식,,,,
찐 감자,1,식,,,,
찐 고구마,1,식,,,,
찐 어묵,1,식,,,,
찐옥수수 알갱이,1,농,,,,
찜갈비,1,식,,,,
차조,1,농,,,,
찬물,1,농,,,,
찰깨빵,1,식,,,,
찰보리,1,식,,,,
찰어묵,1,식,,,,
참께,1,식,,,,
참느타리버섯,1,식,,,,
참다래,1,식,,,,
참소라살,1,농,,,,
참쌀,1,농,,,,
참취,1,식,,,,
참치살,1,식,참치,접미:살,A,
참치캔,1,농,,,,
참치통조림,1,농,,,,
찹쌀현미밥,1,식,,,,
채 썬 돼지고기,1,식,돼지고기,접두:채썬,A,
채 썬 쇠고기,1,식,소고기,접두:채썬,A,
채 썬 양파,1,식,양파,접두:채썬,A,
채소,1,농,,,,
채소 육수,1,식,,,,
채소국물,1,식,,,,
채썬마늘,1,농,마늘,접두:채썬,A,
채썬생강,1,농,생강,접두:채썬,A,
천연다시다,1,식,,,,
천연조미료,1,식,,,,
청 피망,1,식,피망,표기(공백·괄호),A,
청·홍고추다진것,1,식,,,,
청경재,1,식,,,,
청고주,1,식,,,,
청고추 다진것,1,식,청고추,표기(공백·괄호),A,
청동호박,1,농,,,,
청상추,1,식,,,,
청어알,1,농,,,,
청장,1,농,,,,
청정원국선생,1,농,,,,
청정원굴소스,1,농,,,,
청정원순창쌈장,1,농,,,,
청정원어장,1,농,,,,
체더치즈,1,식,,,,
체리알,1,농,,,,
체리토마토,1,식,,,,
쳥양고추,1,식,,,,
초밥,1,농,,,,
초콜릿,1,농,,,,
총각무,1,농,,,,
치아바타,1,식,,,,
치자국수,1,식,,,,
치킨스톡,1,식,,,,
칠리,1,농,,,,
카레,1,농,,,,
카스테라,1,식,,,,
카스텔라가루,1,식,,,,
카엔패퍼,1,식,,,,
카엔페퍼,1,식,,,,
카옌 페퍼,1,식,,,,
카카오 닙스,1,식,,,,
카카오닙스,1,식,,,,
카카오매스,1,식,,,,
칵텔새우,1,식,,,,
캔 옥수수,1,식,,,,
캔 토마토,1,식,,,,
커리 소스,1,식,,,,
커리가루,1,식,,,,
커민파우더,1,식,,,,
커피,1,식,,,,
케이엔페퍼,1,식,,,,
코리앤더 씨드,1,식,,,,
코리앤더가루,1,식,,,,
코리앤더파우더,1,식,,,,
코코넛 밀크,1,식,,,,
코코넛설탕,1,식,,,,
코코넛슬라이스,1,식,,,,
코코넛워터,1,식,,,,
코코아,1,식,,,,
콘프레이크,1,농,,,,
콘플레이크,1,농,,,,
콩국물,1,식,,,,
콩물,1,식,,,,
쿠스쿠스,1,식,,,,
큐민파우더,1,식,,,,
크래비,1,식,,,,
크래커,1,식,,,,
크레미,1,식,,,,
크린베리,1,식,,,,
크림,1,식,,,,
크림수프,1,농,,,,
클로렐라가루,1,식,,,,
키엔페퍼,1,식,,,,
키위소스,1,식,,,,
키조개관자,1,식,,,,
타비스코 소스,1,식,,,,
타임 마른것,1,식,,,,
타피오카 전분,1,식,,,,
탈리아텔레,1,식,,,,
탈지분유,1,식,,,,
토란탕,1,농,,,,
토르티야,1,식,,,,
토마토 소스,1,식,토마토소스,표기(공백·괄호),A,
토마토 페스트,1,식,,,,
토마토 홀,1,식,,,,
토막 낸 닭,1,식,,,,
톳나물,1,식,,,,
통배추,1,식,,,,
통북어,1,농,,,,
통삼겹살,1,식,돼지고기,접미:살,A,
통아몬드,1,식,,,,
통오징어,1,식,,,,
통조림 연어,1,식,,,,
통조림 참치,1,식,,,,
통조림 홀토마토,1,식,,,,
통조림콩,1,식,,,,
통파,1,농,,,,
통후추부순것,1,식,,,,
트레비스,1,농,,,,
파래,1,농,,,,
파래(생것),1,식,,,,
파르미지아노 치즈,1,식,,,,
파마르산치즈,1,농,,,,
파마산 치즈,1,식,파마산치즈,표기(공백·괄호),A,
파마산가루,1,식,,,,
파마산치즈치즈,1,농,,,,
파뿌리,1,농,,,,
파스리가루,1,식,,,,
파스타면,1,식,,,,
파슬리 다진것,1,식,파슬리,표기(공백·괄호),A,
파슬리말린것,1,식,,,,
파인소프트 C,1,식,,,,
파인소프트 T,1,식,,,,
파인애플 통조림,1,식,,,,
파인애플 통조림 국물,1,식,,,,
파인애플청,1,식,,,,
파채,1,식,,,,
파트 페레멘테,1,식,,,,
파프리카 가루,1,식,파프리카가루,표기(공백·괄호),A,
파프리카(빨간색/노란색),1,식,,,,
"파프리카(빨강, 노랑, 청색)",1,식,,,,
파프리카(빨강/노랑),1,식,,,,
판곤약,1,식,,,,
팥삶은물,1,농,,,,
팥앙금,1,식,,,,
팽이,1,식,,,,
페스토소스,1,농,,,,
페이스트,1,식,,,,
페투치네,1,농,,,,
페페론치노,1,식,,,,
펜넬파스타,1,식,,,,
편 마늘,1,식,,,,
편마늘,1,식,,,,
포도식초,1,식,,,,
포두부,1,식,,,,
포카치아빵,1,식,,,,
포항초,1,식,,,,
폰즈소스,1,농,,,,
표고,1,식,,,,
표고버섯 밑동,1,식,,,,
표고버섯(마른것),1,식,건표고버섯,표기(공백·괄호),A,
푸룬,1,식,,,,
풋 고추,1,식,풋고추,표기(공백·괄호),A,
풋배추,1,농,,,,
풋사과,1,식,,,,
풋콩,1,농,,,,
피넷버터,1,식,,,,
피망채친것,1,식,,,,
피시소스,1,농,,,,
피자치즈(모짜렐라),1,식,,,,
피조개,1,농,,,,
피칸,1,식,,,,
피클링 스파이스,1,식,피클링스파이스,표기(공백·괄호),A,
핑크 페퍼,1,식,,,,
하얀된장,1,식,,,,
한돈(사태),1,식,,,,
한천가루,1,식,,,,
할라피뇨다진것,1,식,,,,
해삼,1,농,,,,
해선장,1,식,,,,
해조국수,1,식,,,,
햄다진것,1,식,,,,
허니머스터드,1,농,,,,
허니머스터드소스,1,식,,,,
허브(민트),1,농,,,,
허브가루,1,식,,,,
허브솔트,1,농,,,,
허브식초,1,식,,,,
허브크러스트,1,식,,,,
헤이즐넛,1,식,,,,
현미(불린것),1,식,,,,
현미가루,1,식,,,,
현미식초,1,식,,,,
현미쌀가루,1,식,,,,
현미튀밥,1,식,,,,
현미휴,1,식,,,,
호떡반죽,1,식,,,,
호밀가루,1,식,,,,
호박고구마,1,식,,,,
호부추,1,식,,,,
호이트와인,1,식,,,,
혼다랑어가쓰오부시,1,식,,,,
혼합견과,1,식,,,,
혼합견과류,1,식,,,,
홀그레인,1,식,,,,
홀그레인 머스터즈,1,식,,,,
홀그레인머스터드,1,식,,,,
홀스레디쉬,1,식,,,,
홍 피망,1,식,피망,표기(공백·괄호),A,
홍고추 다진것,1,식,홍고추,접미:다진것,A,
홍고추마른것,1,식,,,,
홍새우 튀김,1,식,,,,
홍차티백,1,농,,,,
홍초물 설탕,1,식,,,,
홍토마토,1,식,,,,
홍합살,1,식,홍합,접미:살,A,
화이트 와인,1,식,화이트와인,표기(공백·괄호),A,
화이트 초콜릿,1,식,,,,
화이트와인식초,1,식,,,,
화이트크림,1,식,,,,
황도,1,식,,,,
황태 머리,1,식,,,,
황태(채),1,식,,,,
후루츠칵테일,1,농,,,,
후르츠칵테일,1,식,,,,
후추가루,1,식,,,,
훈재연어,1,식,,,,
훈제 닭가슴살,1,식,,,,
훈제 오리,1,식,,,,
훈제 파프리카파우더,1,식,,,,
훈제오리가슴살,1,식,,,,
흑마늘진액,1,식,,,,
흰강낭콩,1,식,강낭콩,접두:흰,B,
흰깨,1,식,,,,
흰다리새우,1,식,,,,
흰로즈케일,1,식,,,,
흰목이버섯,1,식,흰목이버섯,수기,B,쇠고기 채소볶음에 목이버섯과 동시 등장
흰살 생선,1,식,,,,
흰설탕,1,농,설탕,접두:흰,B,
흰앙금,1,식,,,,
흰추후,1,식,,,,
